branch_id	S_id	deduped_with
B01-1	S1	B19-1
B01-2	S2	
B01-3	S3	B06-19,B18-14
B01-4	S4	B02-14,B04-13,B06-1,B18-16,B19-8
B01-5	S5	B19-15
B01-6	S6	
B01-7	S7	
B01-8	S8	B18-8
B01-9	S9	B07-5
B01-10	S10	B05-2,B06-7,B14-1,B16-9,B17-48,B19-7,B21-12
B01-11	S11	B04-12,B05-10,B06-2,B09-4,B14-3,B16-11,B17-45,B18-18,B19-9
B01-12	S12	
B01-13	S13	B15-7,B18-11
B01-14	S14	
B01-15	S15	B18-9
B01-16	S16	
B01-17	S17	B15-5
B01-18	S18	B07-2
B01-19	S19	
B01-20	S20	
B01-21	S21	B06-20,B21-18
B01-22	S22	
B01-23	S23	
B01-24	S24	
B01-25	S25	
B01-26	S26	
B01-27	S27	B05-26,B06-5,B14-4,B17-46
B01-28	S28	
B01-29	S29	
B02-1	S30	B06-18
B02-2	S31	
B02-3	S32	
B02-4	S33	
B02-5	S34	
B02-6	S35	
B02-7	S36	
B02-8	S37	
B02-9	S38	B03-8
B02-10	S39	
B02-11	S40	
B02-12	S41	
B02-13	S42	
B02-14	S4	B01-4,B04-13,B06-1,B18-16,B19-8
B02-15	S43	
B02-16	S44	
B02-17	S45	
B02-18	S46	B16-25,B20-28
B03-1	S47	B06-13,B14-2,B15-17,B16-1
B03-2	S48	B16-2
B03-3	S49	
B03-4	S50	
B03-5	S51	
B03-6	S52	
B03-7	S53	
B03-8	S38	B02-9
B03-9	S54	
B03-10	S55	
B03-11	S56	
B03-12	S57	
B03-13	S58	
B03-14	S59	
B03-15	S60	
B03-16	S61	B15-3
B03-17	S62	B16-4
B03-18	S63	B16-5
B03-19	S64	
B04-1	S65	B07-8
B04-2	S66	
B04-3	S67	
B04-4	S68	
B04-5	S69	
B04-6	S70	
B04-7	S71	
B04-8	S72	B07-4
B04-9	S73	
B04-10	S74	
B04-11	S75	B05-28,B06-3,B07-20,B09-14,B13-9,B16-12,B17-47,B18-17,B19-13
B04-12	S11	B01-11,B05-10,B06-2,B09-4,B14-3,B16-11,B17-45,B18-18,B19-9
B04-13	S4	B01-4,B02-14,B06-1,B18-16,B19-8
B04-14	S76	
B04-15	S77	
B04-16	S78	
B04-17	S79	
B04-18	S80	
B04-19	S81	
B04-20	S82	
B04-21	S83	
B04-22	S84	
B04-23	S85	
B04-24	S86	
B04-25	S87	
B04-26	S88	
B05-1	S89	
B05-2	S10	B01-10,B06-7,B14-1,B16-9,B17-48,B19-7,B21-12
B05-3	S90	
B05-4	S91	
B05-5	S92	
B05-6	S93	
B05-7	S94	
B05-8	S95	
B05-9	S96	B18-15
B05-10	S11	B01-11,B04-12,B06-2,B09-4,B14-3,B16-11,B17-45,B18-18,B19-9
B05-11	S97	
B05-12	S98	
B05-13	S99	
B05-14	S100	
B05-15	S101	
B05-16	S102	
B05-17	S103	
B05-18	S104	
B05-19	S105	B11-26
B05-20	S106	
B05-21	S107	
B05-22	S108	
B05-23	S109	
B05-24	S110	
B05-25	S111	
B05-26	S27	B01-27,B06-5,B14-4,B17-46
B05-27	S112	B13-7
B05-28	S75	B04-11,B06-3,B07-20,B09-14,B13-9,B16-12,B17-47,B18-17,B19-13
B05-29	S113	
B06-1	S4	B01-4,B02-14,B04-13,B18-16,B19-8
B06-2	S11	B01-11,B04-12,B05-10,B09-4,B14-3,B16-11,B17-45,B18-18,B19-9
B06-3	S75	B04-11,B05-28,B07-20,B09-14,B13-9,B16-12,B17-47,B18-17,B19-13
B06-4	S114	B16-13,B21-11
B06-5	S27	B01-27,B05-26,B14-4,B17-46
B06-6	S115	
B06-7	S10	B01-10,B05-2,B14-1,B16-9,B17-48,B19-7,B21-12
B06-8	S116	
B06-9	S117	B09-3
B06-10	S118	B09-2
B06-11	S119	
B06-12	S120	
B06-13	S47	B03-1,B14-2,B15-17,B16-1
B06-14	S121	
B06-15	S122	
B06-16	S123	
B06-17	S124	B13-3
B06-18	S30	B02-1
B06-19	S3	B01-3,B18-14
B06-20	S21	B01-21,B21-18
B06-21	S125	B14-16
B06-22	S126	
B07-1	S127	B18-23
B07-2	S18	B01-18
B07-3	S128	
B07-4	S72	B04-8
B07-5	S9	B01-9
B07-6	S129	
B07-7	S130	
B07-8	S65	B04-1
B07-9	S131	B08-8,B12-5,B13-1,B15-19
B07-10	S132	B13-5,B20-36
B07-11	S133	
B07-12	S134	
B07-13	S135	
B07-14	S136	
B07-15	S137	B08-9
B07-16	S138	B08-5
B07-17	S139	
B07-18	S140	B08-13,B21-8
B07-19	S141	B08-15,B17-13
B07-20	S75	B04-11,B05-28,B06-3,B09-14,B13-9,B16-12,B17-47,B18-17,B19-13
B07-21	S142	B20-26
B08-1	S143	B18-24,B20-33
B08-2	S144	
B08-3	S145	B10-22
B08-4	S146	B13-14,B17-11,B20-35
B08-5	S138	B07-16
B08-6	S147	
B08-7	S148	
B08-8	S131	B07-9,B12-5,B13-1,B15-19
B08-9	S137	B07-15
B08-10	S149	
B08-11	S150	
B08-12	S151	
B08-13	S140	B07-18,B21-8
B08-14	S152	
B08-15	S141	B07-19,B17-13
B08-16	S153	
B08-17	S154	
B08-18	S155	
B09-1	S156	B16-35,B19-12
B09-2	S118	B06-10
B09-3	S117	B06-9
B09-4	S11	B01-11,B04-12,B05-10,B06-2,B14-3,B16-11,B17-45,B18-18,B19-9
B09-5	S157	
B09-6	S158	B19-11
B09-7	S159	
B09-8	S160	
B09-9	S161	
B09-10	S162	
B09-11	S163	
B09-12	S164	
B09-13	S165	B17-49
B09-14	S75	B04-11,B05-28,B06-3,B07-20,B13-9,B16-12,B17-47,B18-17,B19-13
B09-15	S166	
B09-16	S167	
B09-17	S168	
B09-18	S169	
B09-19	S170	B17-1
B09-20	S171	
B09-21	S172	
B09-22	S173	
B09-23	S174	
B09-24	S175	
B09-25	S176	
B10-1	S177	B20-19
B10-2	S178	B11-23
B10-3	S179	B11-22,B18-25,B20-20
B10-4	S180	B20-24
B10-5	S181	
B10-6	S182	
B10-7	S183	
B10-8	S184	
B10-9	S185	
B10-10	S186	
B10-11	S187	
B10-12	S188	B20-29
B10-13	S189	B20-41
B10-14	S190	
B10-15	S191	
B10-16	S192	
B10-17	S193	
B10-18	S194	
B10-19	S195	
B10-20	S196	
B10-21	S197	
B10-22	S145	B08-3
B10-23	S198	
B11-1	S199	
B11-2	S200	
B11-3	S201	
B11-4	S202	
B11-5	S203	
B11-6	S204	
B11-7	S205	
B11-8	S206	
B11-9	S207	
B11-10	S208	
B11-11	S209	
B11-12	S210	
B11-13	S211	
B11-14	S212	
B11-15	S213	
B11-16	S214	
B11-17	S215	
B11-18	S216	
B11-19	S217	
B11-20	S218	
B11-21	S219	
B11-22	S179	B10-3,B18-25,B20-20
B11-23	S178	B10-2
B11-24	S220	
B11-25	S221	
B11-26	S105	B05-19
B11-27	S222	
B11-28	S223	
B11-29	S224	
B11-30	S225	
B11-31	S226	
B12-1	S227	
B12-2	S228	
B12-3	S229	
B12-4	S230	
B12-5	S131	B07-9,B08-8,B13-1,B15-19
B12-6	S231	
B12-7	S232	
B12-8	S233	
B12-9	S234	
B12-10	S235	
B13-1	S131	B07-9,B08-8,B12-5,B15-19
B13-2	S236	B15-20
B13-3	S124	B06-17
B13-4	S237	
B13-5	S132	B07-10,B20-36
B13-6	S238	B14-14,B21-19
B13-7	S112	B05-27
B13-8	S239	
B13-9	S75	B04-11,B05-28,B06-3,B07-20,B09-14,B16-12,B17-47,B18-17,B19-13
B13-10	S240	
B13-11	S241	
B13-12	S242	
B13-13	S243	
B13-14	S146	B08-4,B17-11,B20-35
B13-15	S244	B17-10,B20-34
B14-1	S10	B01-10,B05-2,B06-7,B16-9,B17-48,B19-7,B21-12
B14-2	S47	B03-1,B06-13,B15-17,B16-1
B14-3	S11	B01-11,B04-12,B05-10,B06-2,B09-4,B16-11,B17-45,B18-18,B19-9
B14-4	S27	B01-27,B05-26,B06-5,B17-46
B14-5	S245	
B14-6	S246	
B14-7	S247	
B14-8	S248	
B14-9	S249	
B14-10	S250	
B14-11	S251	
B14-12	S252	B16-36
B14-13	S253	
B14-14	S238	B13-6,B21-19
B14-15	S254	
B14-16	S125	B06-21
B15-1	S255	
B15-2	S256	
B15-3	S61	B03-16
B15-4	S257	B18-13
B15-5	S17	B01-17
B15-6	S258	
B15-7	S13	B01-13,B18-11
B15-8	S259	B18-12
B15-9	S260	
B15-10	S261	
B15-11	S262	
B15-12	S263	
B15-13	S264	
B15-14	S265	
B15-15	S266	
B15-16	S267	
B15-17	S47	B03-1,B06-13,B14-2,B16-1
B15-18	S268	B20-31
B15-19	S131	B07-9,B08-8,B12-5,B13-1
B15-20	S236	B13-2
B15-21	S269	
B15-22	S270	
B15-23	S271	
B15-24	S272	
B15-25	S273	
B16-1	S47	B03-1,B06-13,B14-2,B15-17
B16-2	S48	B03-2
B16-3	S274	
B16-4	S62	B03-17
B16-5	S63	B03-18
B16-6	S275	
B16-7	S276	
B16-8	S277	
B16-9	S10	B01-10,B05-2,B06-7,B14-1,B17-48,B19-7,B21-12
B16-10	S278	
B16-11	S11	B01-11,B04-12,B05-10,B06-2,B09-4,B14-3,B17-45,B18-18,B19-9
B16-12	S75	B04-11,B05-28,B06-3,B07-20,B09-14,B13-9,B17-47,B18-17,B19-13
B16-13	S114	B06-4,B21-11
B16-14	S279	
B16-15	S280	
B16-16	S281	
B16-17	S282	
B16-18	S283	
B16-19	S284	
B16-20	S285	
B16-21	S286	
B16-22	S287	
B16-23	S288	
B16-24	S289	
B16-25	S46	B02-18,B20-28
B16-26	S290	
B16-27	S291	
B16-28	S292	
B16-29	S293	
B16-30	S294	
B16-31	S295	
B16-32	S296	
B16-33	S297	
B16-34	S298	
B16-35	S156	B09-1,B19-12
B16-36	S252	B14-12
B16-37	S299	
B17-1	S170	B09-19
B17-2	S300	
B17-3	S301	
B17-4	S302	
B17-5	S303	
B17-6	S304	
B17-7	S305	
B17-8	S306	
B17-9	S307	
B17-10	S244	B13-15,B20-34
B17-11	S146	B08-4,B13-14,B20-35
B17-12	S308	
B17-13	S141	B07-19,B08-15
B17-14	S309	
B17-15	S310	
B17-16	S311	
B17-17	S312	
B17-18	S313	
B17-19	S314	
B17-20	S315	
B17-21	S316	
B17-22	S317	B21-3
B17-23	S318	
B17-24	S319	
B17-25	S320	
B17-26	S321	
B17-27	S322	
B17-28	S323	
B17-29	S324	
B17-30	S325	B20-39
B17-31	S326	
B17-32	S327	
B17-33	S328	B20-38
B17-34	S329	
B17-35	S330	
B17-36	S331	
B17-37	S332	
B17-38	S333	
B17-39	S334	B20-32
B17-40	S335	
B17-41	S336	
B17-42	S337	
B17-43	S338	
B17-44	S339	
B17-45	S11	B01-11,B04-12,B05-10,B06-2,B09-4,B14-3,B16-11,B18-18,B19-9
B17-46	S27	B01-27,B05-26,B06-5,B14-4
B17-47	S75	B04-11,B05-28,B06-3,B07-20,B09-14,B13-9,B16-12,B18-17,B19-13
B17-48	S10	B01-10,B05-2,B06-7,B14-1,B16-9,B19-7,B21-12
B17-49	S165	B09-13
B17-50	S340	
B17-51	S341	
B18-1	S342	
B18-2	S343	
B18-3	S344	
B18-4	S345	
B18-5	S346	
B18-6	S347	
B18-7	S348	
B18-8	S8	B01-8
B18-9	S15	B01-15
B18-10	S349	
B18-11	S13	B01-13,B15-7
B18-12	S259	B15-8
B18-13	S257	B15-4
B18-14	S3	B01-3,B06-19
B18-15	S96	B05-9
B18-16	S4	B01-4,B02-14,B04-13,B06-1,B19-8
B18-17	S75	B04-11,B05-28,B06-3,B07-20,B09-14,B13-9,B16-12,B17-47,B19-13
B18-18	S11	B01-11,B04-12,B05-10,B06-2,B09-4,B14-3,B16-11,B17-45,B19-9
B18-19	S350	
B18-20	S351	
B18-21	S352	
B18-22	S353	
B18-23	S127	B07-1
B18-24	S143	B08-1,B20-33
B18-25	S179	B10-3,B11-22,B20-20
B18-26	S354	
B18-27	S355	
B18-28	S356	
B19-1	S1	B01-1
B19-2	S357	
B19-3	S358	
B19-4	S359	
B19-5	S360	
B19-6	S361	
B19-7	S10	B01-10,B05-2,B06-7,B14-1,B16-9,B17-48,B21-12
B19-8	S4	B01-4,B02-14,B04-13,B06-1,B18-16
B19-9	S11	B01-11,B04-12,B05-10,B06-2,B09-4,B14-3,B16-11,B17-45,B18-18
B19-10	S362	B21-15
B19-11	S158	B09-6
B19-12	S156	B09-1,B16-35
B19-13	S75	B04-11,B05-28,B06-3,B07-20,B09-14,B13-9,B16-12,B17-47,B18-17
B19-14	S363	
B19-15	S5	B01-5
B19-16	S364	
B20-1	S365	
B20-2	S366	
B20-3	S367	
B20-4	S368	
B20-5	S369	
B20-6	S370	
B20-7	S371	
B20-8	S372	
B20-9	S373	
B20-10	S374	
B20-11	S375	
B20-12	S376	
B20-13	S377	
B20-14	S378	
B20-15	S379	
B20-16	S380	
B20-17	S381	
B20-18	S382	
B20-19	S177	B10-1
B20-20	S179	B10-3,B11-22,B18-25
B20-21	S383	
B20-22	S384	
B20-23	S385	
B20-24	S180	B10-4
B20-25	S386	
B20-26	S142	B07-21
B20-27	S387	
B20-28	S46	B02-18,B16-25
B20-29	S188	B10-12
B20-30	S388	
B20-31	S268	B15-18
B20-32	S334	B17-39
B20-33	S143	B08-1,B18-24
B20-34	S244	B13-15,B17-10
B20-35	S146	B08-4,B13-14,B17-11
B20-36	S132	B07-10,B13-5
B20-37	S389	
B20-38	S328	B17-33
B20-39	S325	B17-30
B20-40	S390	
B20-41	S189	B10-13
B20-42	S391	
B20-43	S392	
B20-44	S393	
B20-45	S394	
B20-46	S395	
B21-1	S396	
B21-2	S397	
B21-3	S317	B17-22
B21-4	S398	
B21-5	S399	
B21-6	S400	
B21-7	S401	
B21-8	S140	B07-18,B08-13
B21-9	S402	
B21-10	S403	
B21-11	S114	B06-4,B16-13
B21-12	S10	B01-10,B05-2,B06-7,B14-1,B16-9,B17-48,B19-7
B21-13	S404	
B21-14	S405	
B21-15	S362	B19-10
B21-16	S406	
B21-17	S407	
B21-18	S21	B01-21,B06-20
B21-19	S238	B13-6,B14-14
B21-20	S408	
B21-21	S409	
B21-22	S410	
B21-23	S411	
B21-24	S412	
B21-25	S413	
B21-26	S414	
B21-27	S415	
B21-28	S416	
B10-24-none	-	placeholder: no source (treat claim as Unverified)
