model,k,t,q,p,E_true
plain,0,9.420000,-0.703031809,0.010202364,0.247178907
plain,1,18.840000,0.705694943,-0.020815725,0.249219324
plain,2,28.260000,-0.708411950,0.031218414,0.251411040
plain,3,37.680000,0.710715139,-0.042033667,0.253441419
plain,4,47.100000,-0.713101789,0.052597244,0.255640316
plain,5,56.520000,0.715030345,-0.063570960,0.257654830
plain,6,65.940000,-0.717074933,0.074254726,0.259855112
plain,7,75.360000,0.718618692,-0.085342377,0.261848073
plain,8,84.780000,-0.720313515,0.096104997,0.264043865
plain,9,94.200000,0.721466931,-0.107261676,0.266009800
plain,10,103.620000,-0.722808329,0.118061810,0.268195236
plain,11,113.040000,0.723570434,-0.129242941,0.270128955
plain,12,122.460000,-0.724558738,0.140039865,0.272298264
plain,13,131.880000,0.724932984,-0.151201884,0.274194921
plain,14,141.300000,-0.725572361,0.161956072,0.276342510
plain,15,150.720000,0.725566349,-0.173057052,0.278197635
plain,16,160.140000,-0.725864561,0.183730720,0.280318169
plain,17,169.560000,0.725489674,-0.194730926,0.282127700
plain,18,178.980000,-0.725457759,0.205288500,0.284216164
plain,19,188.400000,0.724728727,-0.216150866,0.285976463
plain,20,197.820000,-0.724380618,0.226559385,0.288028217
plain,21,207.240000,0.723315024,-0.237249894,0.289736068
plain,22,216.660000,-0.722667123,0.247479332,0.291746896
plain,23,226.080000,0.721284878,-0.257967307,0.293399503
plain,24,235.500000,-0.720355606,0.267990810,0.295365637
plain,25,244.920000,0.718678415,-0.278249108,0.296960615
plain,26,254.340000,-0.717487745,0.288043148,0.298878759
plain,27,263.760000,0.715538580,-0.298048270,0.300414115
plain,28,273.180000,-0.714107577,0.307592726,0.302281458
plain,29,282.600000,0.711910177,-0.317324838,0.303755576
plain,30,292.020000,-0.710260557,0.326602993,0.305569787
plain,31,301.440000,0.707838961,-0.336045878,0.306981413
plain,32,310.860000,-0.705992681,0.345044357,0.308740637
plain,33,320.280000,0.703370808,-0.354185299,0.310088860
plain,34,329.700000,-0.701349692,0.362893950,0.311791704
plain,35,339.120000,0.698550977,-0.371723567,0.313075939
plain,36,348.540000,-0.696376387,0.380135285,0.314721453
plain,37,357.960000,0.693423472,-0.388647319,0.315941425
plain,38,367.380000,-0.691116031,0.396757843,0.317529077
plain,39,376.800000,0.688030514,-0.404948915,0.318684806
plain,40,386.220000,-0.685609877,0.412756590,0.320214453
plain,41,395.640000,0.682412113,-0.420625936,0.321306235
plain,42,405.060000,-0.679896786,0.428131459,0.322778093
plain,43,414.480000,0.676605746,-0.435680651,0.323806483
plain,44,423.900000,-0.674012960,0.442886805,0.325221096
plain,45,433.320000,0.670646136,-0.450119470,0.326186888
plain,46,442.740000,-0.667991752,0.457030857,0.327545093
plain,47,452.160000,0.664565105,-0.463952395,0.328449301
plain,48,461.580000,-0.661863572,0.470575174,0.329752191
plain,49,471.000000,0.658391516,-0.477192487,0.330596029
plain,50,480.420000,-0.655655857,0.483534118,0.331844923
plain,51,489.840000,0.652151277,-0.489855355,0.332629778
plain,52,499.260000,-0.649393101,0.495924360,0.333826185
plain,53,508.680000,0.645867398,-0.501958671,0.334553601
plain,54,518.100000,-0.643096943,0.507764413,0.335699189
plain,55,527.520000,0.639560094,-0.513521728,0.336370840
plain,56,536.940000,-0.636786285,0.519074206,0.337467402
plain,57,546.360000,0.633246923,-0.524565034,0.338085070
plain,58,555.780000,-0.630477446,0.529874696,0.339134502
plain,59,565.200000,0.626942949,-0.535109943,0.339700056
plain,60,574.620000,-0.624184332,0.540187529,0.340704323
plain,61,584.040000,0.620660917,-0.545178341,0.341219698
plain,62,593.460000,-0.617918620,0.550034734,0.342180815
plain,63,602.880000,0.614411446,-0.554792356,0.342647992
plain,64,612.300000,-0.611689957,0.559438464,0.343567999
plain,65,621.720000,0.608203222,-0.563974122,0.343988985
plain,66,631.140000,-0.605506146,0.568420771,0.344869933
plain,67,640.560000,0.602043187,-0.572745573,0.345246745
plain,68,649.980000,-0.599373339,0.577003419,0.346090672
plain,69,659.400000,0.595936725,-0.581128272,0.346425324
plain,70,668.820000,-0.593296222,0.585207730,0.347234247
plain,71,678.240000,0.589887850,-0.589143270,0.347528734
plain,72,687.660000,-0.587278190,0.593054458,0.348304631
plain,73,697.080000,0.583899363,-0.596811000,0.348560918
plain,74,706.500000,-0.581321510,0.600563693,0.349305723
plain,75,715.920000,0.577973022,-0.604151187,0.349525735
plain,76,725.340000,-0.575427474,0.607754783,0.350241327
plain,77,734.760000,0.572109680,-0.611182785,0.350426941
plain,78,744.180000,-0.569596543,0.614646283,0.351115137
plain,79,753.600000,0.566309424,-0.617923932,0.351268175
plain,80,763.020000,-0.563828467,0.621255915,0.351930726
plain,81,772.440000,0.560571695,-0.624391922,0.352052949
plain,82,781.860000,-0.558122408,0.627600548,0.352691535
plain,83,791.280000,0.554895393,-0.630603190,0.352784640
plain,84,800.700000,-0.552477039,0.633696190,0.353400870
plain,85,810.120000,0.549278980,-0.636573307,0.353466486
plain,86,819.540000,-0.546890635,0.639557988,0.354061894
plain,87,828.960000,0.543720563,-0.642316986,0.354101581
plain,88,838.380000,-0.541361157,0.645200238,0.354677625
plain,89,847.800000,0.538217969,-0.647848099,0.354692871
plain,90,857.220000,-0.535886320,0.650636400,0.355250936
plain,91,866.640000,0.532768812,-0.653179693,0.355243159
plain,92,876.060000,-0.530463652,0.655879124,0.355784556
plain,93,885.480000,0.527370550,-0.658324015,0.355755103
plain,94,894.900000,-0.525090555,0.660940276,0.356281070
plain,95,904.320000,0.522020533,-0.663292544,0.356231218
plain,96,913.740000,-0.519764342,0.665830963,0.356742921
plain,97,923.160000,0.516716046,-0.668096017,0.356673880
plain,98,932.580000,-0.514482279,0.670561572,0.357172419
plain,99,942.000000,0.511454344,-0.672744464,0.357085330
plain,100,951.420000,-0.509241618,0.675141797,0.357571736
plain,101,960.840000,0.506232679,-0.677247244,0.357467677
plain,102,970.260000,-0.504039622,0.679580675,0.357942917
plain,103,979.680000,0.501048331,-0.681613072,0.357822905
plain,104,989.100000,-0.498873590,0.683886622,0.358287885
plain,105,998.520000,0.495898620,-0.685850062,0.358152874
plain,106,1007.940000,-0.493740872,0.688067466,0.358608443
plain,107,1017.360000,0.490780929,-0.689965755,0.358459332
plain,108,1026.780000,-0.488638886,0.692130478,0.358906280
plain,109,1036.200000,0.485692713,-0.693967156,0.358743912
plain,110,1045.620000,-0.483565127,0.696082411,0.359182978
plain,111,1055.040000,0.480631509,-0.697860761,0.359008145
plain,112,1064.460000,-0.478517180,0.699929524,0.359440015
plain,113,1073.880000,0.475594948,-0.701652595,0.359253460
plain,114,1083.300000,-0.473492720,0.703677620,0.359678774
plain,115,1092.720000,0.470580754,-0.705348239,0.359481192
plain,116,1102.140000,-0.468489521,0.707332071,0.359900545
plain,117,1111.560000,0.465586751,-0.708952857,0.359692588
plain,118,1120.980000,-0.463505460,0.710897847,0.360106530
plain,119,1130.400000,0.460610866,-0.712471227,0.359888809
plain,120,1139.820000,-0.458538514,0.714379545,0.360297852
plain,121,1149.240000,0.455651127,-0.715907763,0.360070937
plain,122,1158.660000,-0.453586764,0.717781412,0.360475554
plain,123,1168.080000,0.450705665,-0.719266547,0.360239981
plain,124,1177.500000,-0.448648390,0.721107370,0.360640608
plain,125,1186.920000,0.445772714,-0.722551343,0.360396878
plain,126,1196.340000,-0.443721676,0.724361038,0.360793920
plain,127,1205.760000,0.440850605,-0.725765626,0.360542500
plain,128,1215.180000,-0.438805002,0.727545756,0.360936328
plain,129,1224.600000,0.435937767,-0.728912600,0.360677658
plain,130,1234.020000,-0.433896847,0.730664601,0.361068616
plain,131,1243.440000,0.431032726,-0.731995219,0.360803106
plain,132,1252.860000,-0.428995779,0.733720409,0.361191509
plain,133,1262.280000,0.426134096,-0.735016203,0.360919543
plain,134,1271.700000,-0.424100460,0.736715793,0.361305680
plain,135,1281.120000,0.421240582,-0.737978056,0.361027620
plain,136,1290.540000,-0.419209636,0.739653156,0.361411755
plain,137,1299.960000,0.416350972,-0.740883084,0.361127938
plain,138,1309.380000,-0.414322136,0.742534710,0.361510314
plain,139,1318.800000,0.411464138,-0.743733407,0.361221059
plain,140,1328.220000,-0.409436871,0.745362489,0.361601896
plain,141,1337.640000,0.406579027,-0.746530973,0.361307500
plain,142,1347.060000,-0.404552827,0.748138361,0.361686999
plain,143,1356.480000,0.401694663,-0.749277573,0.361387742
plain,144,1365.900000,-0.399669060,0.750864044,0.361766085
plain,145,1375.320000,0.396810137,-0.751974853,0.361462232
plain,146,1384.740000,-0.394784698,0.753541114,0.361839584
plain,147,1394.160000,0.391924611,-0.754624320,0.361531383
plain,148,1403.580000,-0.389898933,0.756171017,0.361907892
plain,149,1413.000000,0.387037308,-0.757227361,0.361595577
plain,150,1422.420000,-0.385011019,0.758755079,0.361971378
plain,151,1431.840000,0.382147514,-0.759785245,0.361655170
plain,152,1441.260000,-0.380120270,0.761294517,0.362030380
plain,153,1450.680000,0.377254568,-0.762299135,0.361710490
plain,154,1460.100000,-0.375226052,0.763790443,0.362085216
plain,155,1469.520000,0.372357867,-0.764770098,0.361761842
plain,156,1478.940000,-0.370327788,0.766243879,0.362136176
plain,157,1488.360000,0.367456856,-0.767199108,0.361809506
plain,158,1497.780000,-0.365424946,0.768655756,0.362183531
plain,159,1507.200000,0.362551030,-0.769587058,0.361853745
plain,160,1516.620000,-0.360517043,0.771026927,0.362227530
plain,161,1526.040000,0.357639928,-0.771934764,0.361894798
plain,162,1535.460000,-0.355603640,0.773358173,0.362268406
plain,163,1544.880000,0.352723131,-0.774242969,0.361932891
plain,164,1554.300000,-0.350684339,0.775650203,0.362306372
plain,165,1563.720000,0.347800262,-0.776512354,0.361968229
plain,166,1573.140000,-0.345758779,0.777903668,0.362341625
plain,167,1582.560000,0.342870980,-0.778743540,0.362001005
plain,168,1591.980000,-0.340826637,0.780119159,0.362374350
plain,169,1601.400000,0.337934979,-0.780937090,0.362031394
plain,170,1610.820000,-0.335887624,0.782297215,0.362404714
plain,171,1620.240000,0.332991988,-0.783093519,0.362059562
plain,172,1629.660000,-0.330941484,0.784438326,0.362432876
plain,173,1639.080000,0.328041765,-0.785213295,0.362085659
plain,174,1648.500000,-0.325987989,0.786542937,0.362458980
plain,175,1657.920000,0.323084099,-0.787296843,0.362109827
plain,176,1667.340000,-0.321026941,0.788611453,0.362483160
plain,177,1676.760000,0.318118804,-0.789344549,0.362132195
plain,178,1686.180000,-0.316058167,0.790644241,0.362505540
plain,179,1695.600000,0.313145722,-0.791356761,0.362152883
plain,180,1705.020000,-0.311081521,0.792641633,0.362526235
plain,181,1714.440000,0.308164719,-0.793333796,0.362172003
plain,182,1723.860000,-0.306096878,0.794603928,0.362545351
plain,183,1733.280000,0.303175681,-0.795275940,0.362189657
plain,184,1742.700000,-0.301104136,0.796531399,0.362562985
plain,185,1752.120000,0.298178518,-0.797183450,0.362205941
plain,186,1761.540000,-0.296103213,0.798424289,0.362579229
plain,187,1770.960000,0.293173157,-0.799056559,0.362220943
plain,188,1780.380000,-0.291094046,0.800282819,0.362594167
plain,189,1789.800000,0.288159546,-0.800895476,0.362234744
plain,190,1799.220000,-0.286076590,0.802107186,0.362607877
plain,191,1808.640000,0.283137649,-0.802700388,0.362247421
plain,192,1818.060000,-0.281050816,0.803897567,0.362620430
plain,193,1827.480000,0.278107445,-0.804471463,0.362259043
plain,194,1836.900000,-0.276016713,0.805654120,0.362631893
plain,195,1846.320000,0.273068931,-0.806208850,0.362269675
plain,196,1855.740000,-0.270974281,0.807376985,0.362642329
plain,197,1865.160000,0.268022115,-0.807912682,0.362279378
plain,198,1874.580000,-0.265923536,0.809066289,0.362651794
plain,199,1884.000000,0.262967021,-0.809583077,0.362288206
hamiltonian,0,9.420000,-0.695356172,0.084593403,0.245338125
hamiltonian,1,18.840000,0.678551424,-0.167633836,0.244266569
hamiltonian,2,28.260000,-0.654832485,0.247390616,0.245003850
hamiltonian,3,37.680000,0.618076717,-0.325789695,0.244078876
hamiltonian,4,47.100000,-0.576748089,0.395979559,0.244719085
hamiltonian,5,56.520000,0.522464251,-0.464905191,0.244552865
hamiltonian,6,65.940000,-0.465817769,0.521658725,0.244557010
hamiltonian,7,75.360000,0.397549167,-0.576339015,0.245106000
hamiltonian,8,84.780000,-0.328866975,0.617016650,0.244431517
hamiltonian,9,94.200000,0.250850580,-0.653054290,0.244702960
hamiltonian,10,103.620000,-0.174199918,0.676422581,0.243946560
hamiltonian,11,113.040000,0.090892381,-0.691055537,0.242909590
hamiltonian,12,122.460000,-0.010768240,0.696693023,0.242748561
hamiltonian,13,131.880000,-0.073721993,-0.690192353,0.240900208
hamiltonian,14,141.300000,0.152644252,0.677671351,0.241269364
hamiltonian,15,150.720000,-0.234592930,-0.652667957,0.240504652
hamiltonian,16,160.140000,0.307846434,0.621944387,0.240792124
hamiltonian,17,169.560000,-0.383149485,-0.580763831,0.242045078
hamiltonian,18,178.980000,0.446979345,0.533271846,0.242084699
hamiltonian,19,188.400000,-0.510788357,-0.476831438,0.244136483
hamiltonian,20,197.820000,0.562079679,0.415290311,0.244199804
hamiltonian,21,207.240000,-0.609799391,-0.345021390,0.245447528
hamiltonian,22,216.660000,0.645570864,0.272511670,0.245512176
hamiltonian,23,226.080000,-0.674234535,-0.192186713,0.245763970
hamiltonian,24,235.500000,0.691653578,0.112138011,0.245479802
hamiltonian,25,244.920000,-0.700263756,-0.027304667,0.245557437
hamiltonian,26,254.340000,0.697357162,-0.056114425,0.244727920
hamiltonian,27,263.760000,-0.686253021,0.139671007,0.245225599
hamiltonian,28,273.180000,0.662641505,-0.221710839,0.244124730
hamiltonian,29,282.600000,-0.632875887,0.298777162,0.244899841
hamiltonian,30,292.020000,0.589963636,-0.374561695,0.244176778
hamiltonian,31,301.440000,-0.543243673,0.440665609,0.244649933
hamiltonian,32,310.860000,0.483879030,-0.505384073,0.244775988
hamiltonian,33,320.280000,-0.422824131,0.557018556,0.244524959
hamiltonian,34,329.700000,0.350824955,-0.605948429,0.245125824
hamiltonian,35,339.120000,-0.279017066,0.640952633,0.244335401
hamiltonian,36,348.540000,0.198755407,-0.670055037,0.244238732
hamiltonian,37,357.960000,-0.120438884,0.687569966,0.243628991
hamiltonian,38,367.380000,0.036310484,-0.694993346,0.242167101
hamiltonian,39,376.800000,0.043934069,0.694651032,0.242235129
hamiltonian,40,386.220000,-0.127992521,-0.681669637,0.240527790
hamiltonian,41,395.640000,0.205499784,0.663050301,0.240932931
hamiltonian,42,405.060000,-0.285737941,-0.632496106,0.240848748
hamiltonian,43,414.480000,0.356236531,0.595959378,0.241036023
hamiltonian,44,423.900000,-0.428278555,-0.549639543,0.242763074
hamiltonian,45,433.320000,0.488273106,0.497147630,0.242783196
hamiltonian,46,442.740000,-0.547188967,-0.435854912,0.244692635
hamiltonian,47,452.160000,0.593656924,0.370321044,0.244783109
hamiltonian,48,461.580000,-0.635272522,-0.296173925,0.245645086
hamiltonian,49,471.000000,0.665237641,0.220747319,0.245635249
hamiltonian,50,480.420000,-0.687267366,-0.138269709,0.245727472
hamiltonian,51,489.840000,0.698085997,0.056601267,0.245263882
hamiltonian,52,499.260000,-0.700066555,0.028428714,0.245450687
hamiltonian,53,508.680000,0.690233727,-0.111931023,0.244475576
hamiltonian,54,518.100000,-0.672785555,0.193875026,0.245113964
hamiltonian,55,527.520000,0.642525532,-0.274374716,0.244060272
hamiltonian,56,536.940000,-0.606898808,0.348255363,0.244803980
hamiltonian,57,546.360000,0.558148528,-0.420895246,0.244341294
hamiltonian,58,555.780000,-0.506325681,0.482522307,0.244596736
hamiltonian,59,565.200000,0.442304576,-0.542508308,0.244974301
hamiltonian,60,574.620000,-0.377239484,0.588784975,0.244488687
hamiltonian,61,584.040000,0.301996575,-0.631504722,0.245000073
hamiltonian,62,593.460000,-0.227534227,0.660748616,0.244180279
hamiltonian,63,602.880000,0.145517459,-0.682700664,0.243627763
hamiltonian,64,612.300000,-0.066041964,0.694328035,0.243226481
hamiltonian,65,621.720000,-0.018475206,-0.694697043,0.241472658
hamiltonian,66,631.140000,0.098321038,0.688319739,0.241725545
hamiltonian,67,640.560000,-0.181542598,-0.669196656,0.240390940
hamiltonian,68,649.980000,0.257159313,0.644509428,0.240761657
hamiltonian,69,659.400000,-0.335204041,-0.608603333,0.241379883
hamiltonian,70,668.820000,0.402565353,0.566477858,0.241478014
hamiltonian,71,678.240000,-0.470789529,-0.515081697,0.243475967
hamiltonian,72,687.660000,0.526619910,0.457918620,0.243508996
hamiltonian,73,697.080000,-0.580171423,-0.391997585,0.245130494
hamiltonian,74,706.500000,0.621484857,0.322814522,0.245226321
hamiltonian,75,715.920000,-0.656745515,-0.245300934,0.245743610
hamiltonian,76,725.340000,0.680604995,0.167357586,0.245615860
hamiltonian,77,734.760000,-0.695956909,-0.083377526,0.245653916
hamiltonian,78,744.180000,0.700003760,0.000579275,0.245002799
hamiltonian,79,753.600000,-0.695427135,0.084021742,0.245339276
hamiltonian,80,763.020000,0.678693228,-0.167069690,0.244268389
hamiltonian,81,772.440000,-0.655037555,0.246851560,0.245004946
hamiltonian,82,781.860000,0.618346814,-0.325274854,0.244078257
hamiltonian,83,791.280000,-0.577075186,0.395504706,0.244719871
hamiltonian,84,800.700000,0.522845881,-0.464471005,0.244550565
hamiltonian,85,810.120000,-0.466246841,0.521275926,0.244557354
hamiltonian,86,819.540000,0.398019215,-0.576013015,0.245105144
hamiltonian,87,828.960000,-0.329371662,0.616748595,0.244432260
hamiltonian,88,838.380000,0.251381014,-0.652856291,0.244706876
hamiltonian,89,847.800000,-0.174750143,0.676284799,0.243949371
hamiltonian,90,857.220000,0.091453399,-0.690992543,0.242917209
hamiltonian,91,866.640000,-0.011333201,0.696691445,0.242753706
hamiltonian,92,876.060000,-0.073159401,-0.690259367,0.240905146
hamiltonian,93,885.480000,0.152093701,0.677801258,0.241273520
hamiltonian,94,894.900000,-0.234057641,-0.652856415,0.240502239
hamiltonian,95,904.320000,0.307337475,0.622193770,0.240790706
hamiltonian,96,913.740000,-0.382671301,-0.581066591,0.242037854
hamiltonian,97,923.160000,0.446538996,0.533627844,0.242077875
hamiltonian,98,932.580000,-0.510395848,-0.477238344,0.244130179
hamiltonian,99,942.000000,0.561735215,0.415740170,0.244193170
hamiltonian,100,951.420000,-0.609516316,-0.345513623,0.245444902
hamiltonian,101,960.840000,0.645346052,0.273035975,0.245510085
hamiltonian,102,970.260000,-0.674077730,-0.192736543,0.245764081
hamiltonian,103,979.680000,0.691563775,0.112707000,0.245481661
hamiltonian,104,989.100000,-0.700242624,-0.027879010,0.245558486
hamiltonian,105,998.520000,0.697407366,-0.055536456,0.244730666
hamiltonian,106,1007.940000,-0.686369302,0.139106723,0.245226750
hamiltonian,107,1017.360000,0.662827295,-0.221159643,0.244125806
hamiltonian,108,1026.780000,-0.633123146,0.298256301,0.244900869
hamiltonian,109,1036.200000,0.590272842,-0.374070518,0.244175390
hamiltonian,110,1045.620000,-0.543607076,0.440218649,0.244650556
hamiltonian,111,1055.040000,0.484292715,-0.504983203,0.244773734
hamiltonian,112,1064.460000,-0.423281302,0.556671803,0.244525278
hamiltonian,113,1073.880000,0.351318133,-0.605663416,0.245126302
hamiltonian,114,1083.300000,-0.279540099,0.640726648,0.244336652
hamiltonian,115,1092.720000,0.199299069,-0.669901875,0.244244321
hamiltonian,116,1102.140000,-0.120997147,0.687477344,0.243632704
hamiltonian,117,1111.560000,0.036874963,-0.694974479,0.242174645
hamiltonian,118,1120.980000,0.043371009,0.694694119,0.242240482
hamiltonian,119,1130.400000,-0.127435973,-0.681777830,0.240530468
hamiltonian,120,1139.820000,0.204960309,0.663221323,0.240935626
hamiltonian,121,1149.240000,-0.285218515,-0.632723230,0.240844144
hamiltonian,122,1158.660000,0.355747523,0.596245403,0.241032440
hamiltonian,123,1168.080000,-0.427826018,-0.549978241,0.242755584
hamiltonian,124,1177.500000,0.487861812,0.497536226,0.242775722
hamiltonian,125,1186.920000,-0.546830640,-0.436292559,0.244687473
hamiltonian,126,1196.340000,0.593350028,0.370798116,0.244777749
hamiltonian,127,1205.760000,-0.635029989,-0.296688508,0.245643579
hamiltonian,128,1215.180000,0.665056554,0.221289980,0.245634738
hamiltonian,129,1224.600000,-0.687155003,-0.138831265,0.245728059
hamiltonian,130,1234.020000,0.698042667,0.057177061,0.245266391
hamiltonian,131,1243.440000,-0.700091257,0.027854129,0.245451811
hamiltonian,132,1252.860000,0.690329834,-0.111358321,0.244477978
hamiltonian,133,1262.280000,-0.672946411,0.193321807,0.245115097
hamiltonian,134,1271.700000,0.642753922,-0.273840127,0.244060509
hamiltonian,135,1281.120000,-0.607186578,0.347756054,0.244804906
hamiltonian,136,1290.540000,0.558494718,-0.420431064,0.244339315
hamiltonian,137,1299.960000,-0.506722876,0.482106133,0.244597198
hamiltonian,138,1309.380000,0.442747518,-0.542143588,0.244972517
hamiltonian,139,1318.800000,-0.377721628,0.588476526,0.244489125
hamiltonian,140,1328.220000,0.302509634,-0.631262470,0.245002192
hamiltonian,141,1337.640000,-0.228072187,0.660566076,0.244182231
hamiltonian,142,1347.060000,0.146071050,-0.682592538,0.243634662
hamiltonian,143,1356.480000,-0.066604884,0.694280797,0.243231018
hamiltonian,144,1365.900000,-0.017910421,-0.694721379,0.241479289
hamiltonian,145,1375.320000,0.097763004,0.688406553,0.241730593
hamiltonian,146,1384.740000,-0.180995306,-0.669345084,0.240391071
hamiltonian,147,1394.160000,0.256633849,0.644720047,0.240762435
hamiltonian,148,1403.580000,-0.334703777,-0.608868344,0.241373640
hamiltonian,149,1413.000000,0.402099292,0.566799143,0.241472555
hamiltonian,150,1422.420000,-0.470365661,-0.515454948,0.243468830
hamiltonian,151,1431.840000,0.526240637,0.458338308,0.243501606
hamiltonian,152,1441.260000,-0.579849642,-0.392463503,0.245126605
hamiltonian,153,1450.680000,0.621217898,0.323316265,0.245222542
hamiltonian,154,1460.100000,-0.656545077,-0.245834507,0.245743021
hamiltonian,155,1469.520000,0.680468921,0.167914950,0.245616692
hamiltonian,156,1478.940000,-0.695889715,-0.083947025,0.245654799
hamiltonian,157,1488.360000,0.700007034,0.001157829,0.245005594
hamiltonian,158,1497.780000,-0.695497540,0.083450728,0.245340426
hamiltonian,159,1507.200000,0.678834398,-0.166506123,0.244270215
hamiltonian,160,1516.620000,-0.655241931,0.246312998,0.245006040
hamiltonian,161,1526.040000,0.618616166,-0.324760421,0.244077646
hamiltonian,162,1535.460000,-0.577401494,0.395030165,0.244720658
hamiltonian,163,1544.880000,0.523226697,-0.464037025,0.244548268
hamiltonian,164,1554.300000,-0.466675081,0.520893239,0.244557699
hamiltonian,165,1563.720000,0.398488429,-0.575687004,0.245104277
hamiltonian,166,1573.140000,-0.329875521,0.616480445,0.244432999
hamiltonian,167,1582.560000,0.251910641,-0.652658077,0.244710768
hamiltonian,168,1591.980000,-0.175299591,0.676146725,0.243952170
hamiltonian,169,1601.400000,0.092013673,-0.690929168,0.242924816
hamiltonian,170,1610.820000,-0.011897471,0.696689406,0.242758839
hamiltonian,171,1620.240000,-0.072597456,-0.690325869,0.240910098
hamiltonian,172,1629.660000,0.151543730,0.677930573,0.241277682
hamiltonian,173,1639.080000,-0.233522865,-0.653044239,0.240499853
hamiltonian,174,1648.500000,0.306828952,0.622442462,0.240789312
hamiltonian,175,1657.920000,-0.382193458,-0.581368601,0.242030645
hamiltonian,176,1667.340000,0.446098904,0.533983062,0.242071071
hamiltonian,177,1676.760000,-0.510003484,-0.477644420,0.244123873
hamiltonian,178,1686.180000,0.561390801,0.416189184,0.244186534
hamiltonian,179,1695.600000,-0.609233181,-0.346005004,0.245442266
hamiltonian,180,1705.020000,0.645121073,0.273559428,0.245507980
hamiltonian,181,1714.440000,-0.673920666,-0.193285556,0.245764185
hamiltonian,182,1723.860000,0.691473607,0.113275198,0.245483510
hamiltonian,183,1733.280000,-0.700221045,-0.028452624,0.245559532
hamiltonian,184,1742.700000,0.697457031,-0.054959164,0.244733410
hamiltonian,185,1752.120000,-0.686484977,0.138543040,0.245227899
hamiltonian,186,1761.540000,0.663012410,-0.220608973,0.244126888
hamiltonian,187,1770.960000,-0.633369674,0.297735876,0.244901898
hamiltonian,188,1780.380000,0.590581276,-0.373579683,0.244174011
hamiltonian,189,1789.800000,-0.543969671,0.439771938,0.244651180
hamiltonian,190,1799.220000,0.484705574,-0.504582468,0.244771480
hamiltonian,191,1808.640000,-0.423737636,0.556325094,0.244525597
hamiltonian,192,1818.060000,0.351810483,-0.605378321,0.245126764
hamiltonian,193,1827.480000,-0.280062317,0.640500499,0.244337895
hamiltonian,194,1836.900000,0.199841943,-0.669748439,0.244249886
hamiltonian,195,1846.320000,-0.121554658,0.687384369,0.243636403
hamiltonian,196,1855.740000,0.037438728,-0.694955186,0.242182185
hamiltonian,197,1865.160000,0.042808607,0.694736698,0.242245828
hamiltonian,198,1874.580000,-0.126880032,-0.681885470,0.240533168
hamiltonian,199,1884.000000,0.204421369,0.663391720,0.240938335
